T,5w1.1,5w1.2,5w1.3,5w2.1,5w3.1,5w3.3,5w4.1,5w4.2,5w4.3,5w5.1,5w5.2,5w5.3,2w1.1,2w1.2,2w1.3,2w2.1,2w2.2,2w2.3,LY1.3,5w2.4,5w2.5,5w2.6,LY1.4,LY1.5,LY1.6
0,0.000001,0.000001,0.000001,0.000001,0.000001,0.000001,0.000001,0.000001,0.000001,0.000001,0.000001,0.000001,0.000001,0.000001,0.000001,0.000001,0.000001,0.000001,0.000001,0.000001,0.000001,0.000001,0.000001,0.000001,0.000001
2,0.000001,0.000001,0.000001,0.000001,0.000001,0.000001,0.000001,0.000001,0.000001,0.000001,0.000001,0.000001,0.000001,0.000001,0.000001,0.000001,0.000001,0.000001,0.000001,0.000001,0.000001,0.000001,0.000001,0.000001,0.000001
4,0.000001,0.000001,0.000001,0.000001,0.000001,0.000001,0.000001,0.000001,0.000001,0.000001,0.000001,0.000001,0.000001,0.000001,0.000001,0.000001,0.000001,0.000001,0.000001,0.000001,0.000001,0.000001,0.000001,0.000001,0.000001
6,0.000001,0.000001,0.000001,0.000001,0.000001,0.000001,0.000001,0.000001,0.000001,0.000001,0.000001,0.000001,0.000001,0.000001,0.000001,0.000001,0.000001,0.000001,0.000001,0.000001,0.000001,0.000001,0.000001,0.000001,0.000001
8,0.000001,0.000001,0.000001,0.000001,0.000001,0.000001,0.000001,0.000001,0.000001,0.000001,0.000001,0.000001,0.00001,0.00001,0.00001,0.00001,0.00001,0.00001,0.000001,0.00001,0.00001,0.00001,0.000001,0.000001,0.000001
10,0.0001,0.0001,0.0001,0.0001,0.00001,0.00001,0.00001,0.00001,0.00001,0.0001,0.0001,0.0001,0.0001,0.0001,0.0001,0.0001,0.0001,0.0001,0.00001,0.00001,0.00001,0.00001,0.00001,0.00001,0.00001
12,0.0001,0.0001,0.0001,0.0001,0.0001,0.0001,0.0001,0.0001,0.0001,0.0001,0.0001,0.0001,0.0001,0.0001,0.0001,0.0001,0.0001,0.0001,0.00001,0.0001,0.0001,0.0001,0.001,0.001,0.001
14,0.001,0.001,0.001,0.001,0.0001,0.0001,0.001,0.001,0.001,0.001,0.001,0.001,0.001,0.001,0.001,0.001,0.001,0.001,0.00001,0.001,0.001,0.001,0.0001,0.0001,0.0001
